{
  "loss": 1.5368694281614133,
  "perplexity": 4.650010108947754,
  "bits_per_token": 2.2172339025023278,
  "bits_per_character": 2.2206613002962796,
  "bits_per_byte": 2.2172339025023278,
  "compression_ratio_chars": 0.9984565868763982,
  "compression_ratio_bytes": 1.0,
  "tokens_per_parameter": 0.9984454305358829,
  "total_bytes_processed": 10827302,
  "total_tokens_processed": 10827302,
  "total_chars_processed": 10810591,
  "tokenization_efficiency": {
    "tokens_per_char": 1.0015457989299568,
    "chars_per_token": 0.9984565868763982,
    "bytes_per_token": 1.0,
    "sample_tokens_per_char": 1.0,
    "sample_compression_ratio": 1.0,
    "sample_bits_per_byte": 2.2172339025023278
  },
  "training_efficiency": {
    "train_steps_per_sec": 0.4007095158860827,
    "estimated_tokens_per_second": 3282.6123541387897
  },
  "timestamp": "2025-12-01T15:16:24.030501",
  "checkpoint": "checkpoints/WikiText/nanogpt_byt5_step1000.pt",
  "dataset_eval": "data/Wikitext.txt",
  "dataset_train": "data/Wikitext.txt",
  "tokenizer": "byt5",
  "vocab_size": 256,
  "num_params": 10844160,
  "train_steps": 1000,
  "train_time_sec": 2495.573377609253,
  "train_steps_per_sec": 0.4007095158860827
}