{
  "loss": 2.3998389383302117,
  "perplexity": 11.021401405334473,
  "bits_per_token": 3.462235735261231,
  "bits_per_character": 3.462235735261231,
  "bits_per_byte": 3.462235735261231,
  "compression_ratio_chars": 1.0,
  "compression_ratio_bytes": 1.0,
  "tokens_per_parameter": 0.1028565605819169,
  "total_bytes_processed": 1115393,
  "total_tokens_processed": 1115393,
  "total_chars_processed": 1115393,
  "tokenization_efficiency": {
    "tokens_per_char": 1.0,
    "chars_per_token": 1.0,
    "bytes_per_token": 1.0,
    "sample_tokens_per_char": 1.0,
    "sample_compression_ratio": 1.0,
    "sample_bits_per_byte": 3.462235735261231
  },
  "training_efficiency": {
    "train_steps_per_sec": 5.313599358056291,
    "estimated_tokens_per_second": 43529.00594119714
  },
  "timestamp": "2025-11-30T18:13:30.108819",
  "checkpoint": "checkpoints/nanogpt_byt5_step200.pt",
  "dataset_eval": "data/tiny_shakespeare.txt",
  "dataset_train": "data/tiny_shakespeare.txt",
  "tokenizer": "byt5",
  "vocab_size": 256,
  "num_params": 10844160,
  "train_steps": 200,
  "train_time_sec": 37.63926982879639,
  "train_steps_per_sec": 5.313599358056291
}