{
  "checkpoint": "checkpoints/nanogpt_byt5_step200.pt",
  "dataset_eval": "data/tiny_shakespeare.txt",
  "dataset_train": "data/tiny_shakespeare.txt",
  "tokenizer": "byt5",
  "vocab_size": 256,
  "loss": 2.3998389383302117,
  "perplexity": 11.021401405334473,
  "bits_per_token": 3.462235735261231,
  "bits_per_char": 3.462235735261231,
  "eval_tokens": 1115393,
  "eval_chars": 1115393,
  "num_params": 10844160,
  "train_steps": 200,
  "train_time_sec": 37.63926982879639,
  "train_steps_per_sec": 5.313599358056291
}