{
  "checkpoint": "checkpoints/WikiText/nanogpt_bpe_step1000.pt",
  "dataset_eval": "data/WikiText.txt",
  "dataset_train": "data/Wikitext.txt",
  "tokenizer": "bpe",
  "vocab_size": 32000,
  "loss": 2.9692282507098504,
  "perplexity": 19.476882934570312,
  "bits_per_token": 4.283690872566513,
  "bits_per_char": 1.6457258536857957,
  "eval_tokens": 4153257,
  "eval_chars": 10810591,
  "num_params": 23033856,
  "train_steps": 1000,
  "train_time_sec": 1809.910615682602,
  "train_steps_per_sec": 0.5525134729500735
}